Grid Size,Thread Count,Frame Rate
2500,2,58.49
2500,2,58.51
2500,2,58.53
2500,2,58.55
2500,2,58.50
2500,2,58.52
2500,2,58.54
2500,2,58.57
2500,2,58.50
2500,2,58.53
2500,2,58.55
2500,2,58.57
2500,2,58.52
2500,2,58.54
2500,2,58.56
2500,2,58.57
2500,2,58.53
2500,2,58.55
2500,2,58.56
2500,2,58.59
2500,2,58.54
2500,2,58.56
2500,2,58.58
2500,2,58.60
2500,2,58.55
2500,2,58.56
2500,2,58.58
2500,2,58.61
2500,2,58.55
2500,2,58.58
2500,2,58.60
2500,2,58.62
2500,2,58.63
2500,2,58.58
2500,2,58.61
2500,2,58.62
2500,2,58.57
2500,2,58.59
2500,2,58.61
2500,2,58.63
2500,2,58.64
2500,2,58.60
2500,2,58.62
2500,2,58.64
2500,2,58.59
2500,2,58.61
2500,2,58.63
2500,2,58.65
2500,2,58.60
2500,2,58.61
2500,2,58.64
2500,2,58.66
2500,2,58.61
2500,2,58.62
2500,2,58.65
2500,2,58.67
2500,2,58.61
2500,2,58.64
2500,2,58.66
2500,2,58.67
2500,2,58.63
2500,2,58.64
2500,2,58.66
2500,2,58.68
2500,2,58.63
2500,2,58.65
2500,2,58.67
2500,2,58.69
2500,2,58.64
2500,2,58.66
2500,2,58.68
2500,2,58.70
2500,2,58.65
2500,2,58.67
2500,2,58.68
2500,2,58.71
2500,2,58.65
2500,2,58.68
2500,2,58.70
2500,2,58.71
2500,2,58.66
2500,2,58.68
2500,2,58.70
2500,2,58.72
2500,2,58.67
2500,2,58.69
2500,2,58.71
2500,2,58.73
2500,2,58.67
2500,2,58.69
2500,2,58.72
2500,2,58.73
2500,2,58.69
2500,2,58.70
2500,2,58.72
2500,2,58.74
2500,2,58.69
2500,2,58.71
2500,2,58.73
2500,2,58.75
2500,2,58.70
2500,2,58.72
2500,2,58.74
2500,2,58.75
2500,2,58.71
2500,2,58.73
2500,2,58.74
2500,2,58.76
2500,2,58.78
2500,2,58.73
2500,2,58.75
2500,2,58.77
2500,2,58.72
2500,2,58.74
2500,2,58.76
2500,2,58.78
2500,2,58.73
2500,2,58.75
2500,2,58.77
2500,2,58.78
2500,2,58.74
2500,2,58.75
2500,2,58.77
2500,2,58.79
2500,2,58.74
2500,2,58.76
2500,2,58.78
2500,2,58.80
2500,2,58.75
2500,2,58.77
2500,2,58.79
2500,2,58.80
2500,2,58.76
2500,2,58.77
2500,2,58.79
2500,2,58.81
2500,2,58.82
2500,2,58.78
2500,2,58.80
2500,2,58.82
2500,2,58.77
2500,2,58.79
2500,2,58.81
2500,2,58.82
2500,2,58.84
2500,2,58.79
2500,2,58.81
2500,2,58.83
2500,2,58.84
2500,2,58.80
2500,2,58.82
2500,2,58.83
2500,2,58.85
2500,2,58.80
2500,2,58.82
2500,2,58.84
2500,2,58.79
2500,2,58.81
2500,2,58.82
2500,2,58.84
2500,2,58.86
2500,2,58.82
2500,2,58.83
2500,2,58.85
2500,2,58.87
2500,2,58.82
2500,2,58.84
2500,2,58.85
2500,2,58.87
2500,2,58.83
2500,2,58.85
2500,2,58.86
2500,2,58.88
2500,2,58.83
2500,2,58.85
2500,2,58.87
2500,2,58.88
2500,2,58.84
2500,2,58.85
2500,2,58.87
2500,2,58.89
2500,2,58.85
2500,2,58.86
2500,2,58.87
2500,2,58.83
2500,2,58.85
2500,2,58.87
2500,2,58.89
2500,2,58.84
2500,2,58.86
2500,2,58.87
2500,2,58.42
10000,2,58.53
10000,2,58.55
10000,2,58.50
10000,2,58.53
10000,2,58.55
10000,2,58.49
10000,2,58.52
10000,2,58.54
10000,2,58.56
10000,2,58.51
10000,2,58.53
10000,2,58.55
10000,2,58.57
10000,2,58.51
10000,2,58.53
10000,2,58.56
10000,2,58.57
10000,2,58.52
10000,2,58.54
10000,2,58.56
10000,2,58.59
10000,2,58.53
10000,2,58.55
10000,2,58.57
10000,2,58.60
10000,2,58.55
10000,2,58.56
10000,2,58.58
10000,2,58.60
10000,2,58.55
10000,2,58.57
10000,2,58.59
10000,2,58.61
10000,2,58.56
10000,2,58.58
10000,2,58.60
10000,2,58.62
10000,2,58.56
10000,2,58.58
10000,2,58.61
10000,2,58.63
10000,2,58.58
10000,2,58.59
10000,2,58.62
10000,2,58.64
10000,2,58.59
10000,2,58.59
10000,2,58.63
10000,2,58.65
10000,2,58.59
10000,2,58.61
10000,2,58.63
10000,2,58.66
10000,2,58.60
10000,2,58.61
10000,2,58.64
10000,2,58.66
10000,2,58.61
10000,2,58.63
10000,2,58.65
10000,2,58.67
10000,2,58.62
10000,2,58.63
10000,2,58.66
10000,2,58.67
10000,2,58.63
10000,2,58.64
10000,2,58.66
10000,2,58.69
10000,2,58.63
10000,2,58.65
10000,2,58.67
10000,2,58.69
10000,2,58.64
10000,2,58.66
10000,2,58.68
10000,2,58.69
10000,2,58.65
10000,2,58.67
10000,2,58.69
10000,2,58.71
10000,2,58.66
10000,2,58.68
10000,2,58.70
10000,2,58.72
10000,2,58.66
10000,2,58.69
10000,2,58.71
10000,2,58.72
10000,2,58.67
10000,2,58.69
10000,2,58.71
10000,2,58.73
10000,2,58.68
10000,2,58.70
10000,2,58.72
10000,2,58.74
10000,2,58.69
10000,2,58.71
10000,2,58.73
10000,2,58.74
10000,2,58.69
10000,2,58.71
10000,2,58.73
10000,2,58.75
10000,2,58.74
10000,2,58.72
10000,2,58.74
10000,2,58.76
10000,2,58.71
10000,2,58.73
10000,2,58.75
10000,2,58.76
10000,2,58.71
10000,2,58.73
10000,2,58.75
10000,2,58.77
10000,2,58.73
10000,2,58.74
10000,2,58.76
10000,2,58.78
10000,2,58.73
10000,2,58.75
10000,2,58.77
10000,2,58.78
10000,2,58.74
10000,2,58.76
10000,2,58.77
10000,2,58.78
10000,2,58.80
10000,2,58.77
10000,2,58.77
10000,2,58.80
10000,2,58.76
10000,2,58.77
10000,2,58.79
10000,2,58.80
10000,2,58.75
10000,2,58.74
10000,2,58.75
10000,2,58.74
10000,2,58.75
10000,2,58.75
10000,2,58.75
10000,2,58.76
10000,2,58.78
10000,2,58.80
10000,2,58.81
10000,2,58.78
10000,2,58.79
10000,2,58.79
10000,2,58.80
10000,2,58.80
10000,2,58.80
10000,2,58.83
10000,2,58.83
10000,2,58.85
10000,2,58.80
10000,2,58.83
10000,2,58.85
10000,2,58.82
10000,2,58.84
10000,2,58.82
10000,2,58.84
10000,2,58.79
10000,2,58.81
10000,2,58.83
10000,2,58.84
10000,2,58.84
10000,2,58.85
10000,2,58.87
10000,2,58.87
10000,2,58.87
10000,2,58.82
10000,2,58.83
10000,2,58.83
10000,2,58.86
10000,2,58.83
10000,2,58.83
10000,2,58.85
10000,2,58.88
10000,2,58.84
10000,2,58.85
10000,2,58.86
10000,2,58.86
10000,2,58.88
10000,2,58.88
10000,2,58.89
10000,2,58.43
40000,2,40.31
40000,2,40.40
40000,2,40.50
40000,2,40.60
40000,2,40.56
40000,2,40.66
40000,2,40.63
40000,2,40.73
40000,2,40.69
40000,2,40.78
40000,2,40.72
40000,2,40.82
40000,2,40.91
40000,2,40.88
40000,2,40.98
40000,2,40.94
40000,2,41.04
40000,2,40.99
40000,2,41.08
40000,2,41.03
40000,2,41.12
40000,2,41.08
40000,2,41.17
40000,2,41.12
40000,2,41.22
40000,2,41.31
40000,2,41.26
40000,2,41.35
40000,2,41.31
40000,2,41.41
40000,2,41.35
40000,2,41.45
40000,2,41.39
40000,2,41.49
40000,2,41.58
40000,2,41.53
40000,2,41.62
40000,2,41.57
40000,2,41.66
40000,2,41.61
40000,2,41.70
40000,2,41.79
40000,2,41.76
40000,2,41.85
40000,2,41.80
40000,2,41.89
40000,2,41.85
40000,2,41.94
40000,2,41.91
40000,2,42.00
40000,2,41.95
40000,2,42.03
40000,2,41.98
40000,2,42.07
40000,2,42.16
40000,2,42.11
40000,2,42.19
40000,2,42.15
40000,2,42.24
40000,2,42.20
40000,2,42.29
40000,2,42.25
40000,2,42.34
40000,2,42.29
40000,2,42.38
40000,2,42.29
40000,2,42.38
40000,2,42.47
40000,2,42.40
40000,2,42.49
40000,2,42.58
40000,2,42.50
40000,2,42.59
40000,2,42.54
40000,2,42.62
40000,2,42.71
40000,2,42.67
40000,2,42.75
40000,2,42.72
40000,2,42.80
40000,2,42.77
40000,2,42.86
40000,2,42.81
40000,2,42.90
40000,2,42.86
40000,2,42.94
40000,2,42.90
40000,2,42.98
40000,2,42.94
40000,2,43.03
40000,2,42.99
40000,2,43.08
40000,2,43.04
40000,2,43.12
40000,2,43.08
40000,2,43.17
40000,2,43.07
40000,2,43.15
40000,2,43.23
40000,2,43.18
40000,2,43.26
40000,2,43.35
40000,2,43.28
40000,2,43.36
40000,2,43.31
40000,2,43.39
40000,2,43.48
40000,2,43.43
40000,2,43.51
40000,2,43.47
40000,2,43.55
40000,2,43.52
40000,2,43.60
40000,2,43.56
40000,2,43.64
40000,2,43.59
40000,2,43.67
40000,2,43.62
40000,2,43.70
40000,2,43.65
40000,2,43.73
40000,2,43.81
40000,2,43.76
40000,2,43.85
40000,2,43.81
40000,2,43.89
40000,2,43.84
40000,2,43.92
40000,2,43.86
40000,2,43.94
40000,2,44.02
40000,2,43.96
40000,2,44.05
40000,2,43.98
40000,2,44.06
40000,2,44.01
40000,2,44.09
40000,2,44.17
40000,2,44.14
40000,2,44.22
40000,2,44.17
40000,2,44.25
40000,2,44.21
40000,2,44.29
40000,2,44.24
40000,2,44.32
40000,2,44.27
40000,2,44.35
40000,2,44.29
40000,2,44.37
40000,2,44.44
40000,2,44.40
40000,2,44.47
40000,2,44.43
40000,2,44.51
40000,2,44.44
40000,2,44.52
40000,2,44.59
40000,2,44.55
40000,2,44.62
40000,2,44.59
40000,2,44.67
40000,2,44.62
40000,2,44.69
40000,2,44.63
40000,2,44.71
40000,2,44.66
40000,2,44.74
40000,2,44.82
40000,2,44.76
40000,2,44.84
40000,2,44.79
40000,2,44.86
40000,2,44.82
40000,2,44.90
40000,2,44.86
40000,2,44.93
40000,2,44.89
40000,2,44.96
40000,2,44.93
40000,2,45.01
40000,2,44.95
40000,2,45.02
40000,2,45.10
40000,2,45.05
40000,2,45.12
40000,2,45.03
40000,2,45.11
40000,2,45.18
40000,2,45.13
40000,2,45.20
40000,2,45.14
40000,2,45.21
40000,2,45.29
40000,2,45.25
40000,2,45.32
40000,2,45.27
40000,2,45.35
40000,2,45.27
40000,2,45.34
40000,2,45.42
40000,2,45.38
40000,2,45.46
40000,2,45.42
40000,2,45.49
40000,2,45.44
40000,2,45.51
40000,2,45.46
40000,2,45.53
40000,2,45.46
40000,2,45.53
40000,2,45.61
40000,2,45.55
40000,2,45.62
40000,2,45.56
40000,2,45.64
40000,2,45.71
40000,2,45.64
40000,2,45.71
40000,2,45.67
40000,2,45.74
40000,2,45.70
40000,2,45.77
40000,2,45.74
40000,2,45.81
40000,2,45.77
40000,2,45.84
40000,2,45.78
40000,2,45.85
40000,2,45.93
40000,2,45.87
40000,2,45.94
40000,2,45.89
40000,2,45.96
40000,2,45.92
40000,2,45.99
40000,2,45.95
40000,2,46.02
40000,2,45.98
40000,2,46.05
40000,2,46.12
40000,2,46.07
40000,2,46.14
40000,2,46.09
40000,2,46.16
40000,2,46.11
40000,2,46.17
40000,2,46.11
40000,2,46.18
40000,2,46.25
40000,2,46.18
40000,2,46.25
40000,2,46.32
40000,2,46.27
40000,2,46.34
40000,2,46.29
40000,2,46.36
40000,2,46.32
40000,2,46.39
40000,2,46.34
40000,2,46.41
40000,2,46.36
40000,2,46.43
40000,2,46.39
40000,2,46.46
40000,2,46.41
40000,2,46.48
40000,2,46.55
40000,2,46.50
40000,2,46.57
40000,2,46.52
40000,2,46.59
40000,2,46.54
40000,2,46.61
40000,2,46.55
40000,2,46.62
40000,2,46.69
40000,2,46.63
40000,2,46.70
40000,2,46.66
40000,2,46.73
40000,2,46.67
40000,2,46.74
40000,2,46.69
40000,2,46.76
40000,2,46.83
40000,2,46.78
40000,2,46.85
40000,2,46.80
40000,2,46.86
40000,2,46.81
40000,2,46.87
40000,2,46.82
40000,2,46.88
40000,2,46.95
40000,2,46.90
40000,2,46.96
40000,2,46.93
40000,2,46.99
40000,2,46.96
40000,2,47.02
40000,2,46.98
40000,2,47.04
40000,2,47.01
40000,2,47.07
40000,2,47.01
40000,2,47.07
40000,2,47.14
40000,2,47.09
40000,2,47.15
40000,2,47.08
40000,2,47.15
40000,2,47.21
40000,2,47.16
40000,2,47.23
40000,2,47.19
40000,2,47.25
40000,2,47.20
40000,2,47.27
40000,2,47.22
40000,2,47.29
40000,2,47.25
40000,2,47.31
40000,2,47.27
40000,2,47.33
40000,2,47.40
40000,2,47.35
40000,2,47.41
40000,2,47.36
40000,2,47.42
40000,2,47.38
40000,2,47.44
40000,2,47.41
40000,2,47.48
40000,2,47.42
40000,2,47.48
40000,2,47.55
40000,2,47.46
40000,2,47.52
40000,2,47.59
40000,2,47.52
40000,2,47.58
40000,2,47.53
40000,2,47.59
40000,2,47.66
40000,2,47.62
40000,2,47.68
40000,2,47.64
40000,2,47.70
40000,2,47.65
40000,2,47.72
40000,2,47.66
40000,2,47.72
40000,2,47.67
40000,2,47.73
40000,2,47.79
40000,2,47.75
40000,2,47.82
40000,2,47.77
40000,2,47.83
40000,2,47.79
40000,2,47.85
40000,2,47.80
40000,2,47.87
40000,2,47.81
40000,2,47.87
40000,2,47.93
40000,2,47.86
40000,2,47.92
40000,2,47.88
40000,2,47.95
40000,2,47.89
40000,2,47.95
40000,2,48.01
40000,2,47.96
40000,2,48.02
40000,2,47.97
40000,2,48.03
40000,2,47.98
40000,2,48.04
40000,2,48.10
40000,2,48.05
40000,2,48.11
40000,2,48.06
40000,2,48.12
40000,2,48.09
40000,2,48.14
40000,2,48.09
40000,2,48.15
40000,2,48.21
40000,2,48.16
40000,2,48.22
40000,2,48.16
40000,2,48.22
40000,2,48.28
40000,2,48.24
40000,2,48.30
40000,2,48.25
40000,2,48.30
40000,2,48.25
40000,2,48.31
40000,2,48.26
40000,2,48.32
40000,2,48.38
40000,2,48.34
40000,2,48.39
40000,2,48.35
40000,2,48.41
40000,2,48.37
40000,2,48.43
40000,2,48.37
40000,2,48.43
40000,2,48.39
40000,2,48.45
40000,2,48.51
40000,2,48.47
40000,2,48.53
40000,2,48.48
40000,2,48.54
40000,2,48.50
40000,2,48.56
40000,2,48.52
40000,2,48.58
40000,2,48.53
40000,2,48.59
40000,2,48.55
40000,2,48.61
40000,2,48.57
40000,2,48.63
40000,2,48.59
40000,2,48.65
40000,2,48.60
40000,2,48.66
40000,2,48.72
40000,2,48.63
40000,2,48.69
40000,2,48.75
40000,2,48.71
40000,2,48.77
40000,2,48.74
40000,2,48.79
40000,2,48.76
40000,2,48.82
40000,2,48.78
40000,2,48.84
40000,2,48.80
40000,2,48.86
40000,2,48.82
40000,2,48.88
40000,2,48.83
40000,2,48.89
40000,2,48.84
40000,2,48.90
40000,2,48.86
40000,2,48.92
40000,2,48.86
40000,2,48.91
40000,2,48.97
40000,2,48.93
40000,2,48.99
40000,2,48.94
40000,2,48.99
40000,2,48.95
40000,2,49.00
40000,2,48.95
40000,2,49.01
40000,2,49.06
40000,2,49.01
40000,2,49.06
40000,2,49.01
40000,2,49.07
40000,2,49.02
40000,2,49.07
40000,2,49.12
40000,2,49.09
40000,2,49.14
40000,2,49.11
40000,2,49.16
40000,2,49.11
40000,2,49.16
40000,2,49.11
40000,2,49.17
40000,2,49.23
40000,2,49.19
40000,2,49.25
40000,2,49.21
40000,2,49.26
40000,2,49.21
40000,2,49.27
40000,2,49.23
40000,2,49.28
40000,2,49.22
40000,2,49.27
40000,2,49.32
40000,2,49.27
40000,2,49.32
40000,2,49.26
40000,2,49.31
40000,2,49.37
40000,2,49.33
40000,2,49.38
40000,2,49.34
40000,2,49.40
40000,2,49.36
40000,2,49.41
40000,2,49.34
40000,2,49.39
40000,2,49.44
40000,2,49.40
40000,2,49.45
40000,2,49.50
40000,2,49.47
40000,2,49.52
40000,2,49.48
40000,2,49.53
40000,2,49.50
40000,2,49.55
40000,2,49.51
40000,2,49.56
40000,2,49.51
40000,2,49.57
40000,2,49.50
40000,2,49.55
40000,2,49.61
40000,2,49.57
40000,2,49.62
40000,2,49.58
40000,2,49.63
40000,2,49.59
40000,2,49.64
40000,2,49.60
40000,2,49.65
40000,2,49.70
40000,2,49.67
40000,2,49.72
40000,2,49.68
40000,2,49.73
40000,2,49.69
40000,2,49.74
40000,2,49.71
40000,2,49.76
40000,2,49.72
40000,2,49.77
40000,2,49.73
40000,2,49.78
40000,2,49.73
40000,2,49.78
40000,2,49.84
40000,2,49.79
40000,2,49.84
40000,2,49.80
40000,2,49.84
40000,2,49.80
40000,2,49.85
40000,2,49.90
40000,2,49.83
40000,2,49.87
40000,2,49.93
40000,2,49.89
40000,2,49.94
40000,2,49.90
40000,2,49.95
40000,2,49.90
40000,2,49.95
40000,2,49.92
40000,2,49.97
40000,2,49.92
40000,2,49.97
40000,2,50.02
40000,2,49.97
40000,2,50.02
40000,2,49.97
40000,2,50.02
40000,2,49.98
40000,2,50.04
40000,2,50.08
40000,2,50.05
40000,2,50.10
40000,2,50.05
40000,2,50.10
40000,2,50.06
40000,2,50.11
40000,2,50.07
40000,2,50.12
40000,2,50.07
40000,2,50.12
40000,2,50.17
40000,2,50.13
40000,2,50.18
40000,2,50.14
40000,2,50.20
40000,2,50.15
40000,2,50.20
40000,2,50.15
40000,2,50.20
40000,2,50.25
40000,2,50.21
40000,2,50.26
40000,2,50.23
40000,2,50.28
40000,2,50.23
40000,2,50.28
40000,2,50.24
40000,2,50.29
40000,2,50.26
40000,2,50.31
40000,2,50.26
40000,2,50.31
40000,2,50.27
40000,2,50.32
40000,2,50.37
40000,2,50.32
40000,2,50.37
40000,2,50.32
40000,2,50.37
40000,2,50.32
40000,2,50.37
40000,2,50.42
40000,2,50.38
40000,2,50.43
40000,2,50.40
40000,2,50.45
40000,2,50.42
40000,2,50.47
40000,2,50.43
40000,2,50.48
40000,2,50.44
40000,2,50.49
40000,2,50.43
40000,2,50.48
40000,2,50.53
40000,2,50.48
40000,2,50.53
40000,2,50.49
40000,2,50.54
40000,2,50.50
40000,2,50.55
40000,2,50.51
40000,2,50.56
40000,2,50.52
40000,2,50.57
40000,2,50.53
40000,2,50.57
40000,2,50.62
40000,2,50.57
40000,2,50.62
40000,2,50.56
40000,2,50.61
40000,2,50.66
40000,2,50.61
40000,2,50.66
40000,2,50.62
40000,2,50.67
40000,2,50.63
40000,2,50.67
40000,2,50.63
40000,2,50.67
40000,2,50.72
40000,2,50.69
40000,2,50.73
40000,2,50.70
40000,2,50.75
40000,2,50.71
40000,2,50.75
40000,2,50.72
40000,2,50.77
40000,2,50.73
40000,2,50.78
40000,2,50.75
40000,2,50.79
40000,2,50.76
40000,2,50.81
40000,2,50.76
40000,2,50.81
40000,2,50.86
40000,2,50.82
40000,2,50.86
40000,2,50.83
40000,2,50.87
40000,2,50.83
40000,2,50.87
40000,2,50.84
40000,2,50.88
40000,2,50.84
40000,2,50.89
40000,2,50.94
40000,2,50.90
40000,2,50.95
40000,2,50.91
40000,2,50.95
40000,2,50.90
40000,2,50.95
40000,2,50.90
40000,2,50.95
40000,2,50.99
40000,2,50.95
40000,2,50.99
40000,2,50.96
40000,2,51.01
40000,2,50.97
40000,2,51.02
40000,2,50.98
40000,2,51.03
40000,2,50.99
40000,2,51.04
40000,2,50.99
40000,2,51.03
40000,2,51.08
40000,2,51.03
40000,2,51.07
40000,2,51.02
40000,2,51.07
40000,2,51.11
40000,2,51.09
40000,2,51.13
40000,2,51.09
40000,2,51.13
40000,2,51.09
40000,2,51.14
40000,2,51.10
40000,2,51.15
40000,2,51.12
40000,2,51.16
40000,2,51.12
40000,2,51.17
40000,2,51.14
40000,2,51.19
40000,2,51.14
40000,2,51.19
40000,2,51.23
40000,2,51.20
40000,2,51.24
40000,2,51.20
40000,2,51.24
40000,2,51.20
40000,2,51.24
40000,2,51.19
40000,2,51.23
40000,2,51.28
40000,2,51.24
40000,2,51.28
40000,2,51.24
40000,2,51.29
40000,2,51.25
40000,2,51.29
40000,2,51.33
40000,2,51.30
40000,2,51.34
40000,2,51.30
40000,2,51.34
40000,2,51.30
40000,2,51.34
40000,2,51.38
40000,2,51.35
40000,2,51.40
40000,2,51.35
40000,2,51.39
40000,2,51.35
40000,2,51.39
40000,2,51.35
40000,2,51.39
40000,2,51.44
40000,2,51.40
40000,2,51.45
40000,2,51.41
40000,2,51.46
40000,2,51.40
40000,2,51.44
40000,2,51.39
40000,2,51.43
40000,2,51.47
40000,2,51.42
40000,2,51.47
40000,2,51.51
40000,2,51.47
40000,2,51.51
40000,2,51.47
40000,2,51.51
40000,2,51.48
40000,2,51.52
40000,2,51.56
40000,2,51.51
40000,2,51.55
40000,2,51.52
40000,2,51.56
40000,2,51.53
40000,2,51.57
40000,2,51.54
40000,2,51.59
40000,2,51.55
40000,2,51.59
40000,2,51.56
40000,2,51.60
40000,2,51.52
40000,2,51.56
40000,2,51.60
40000,2,51.64
40000,2,51.60
40000,2,51.64
40000,2,51.60
40000,2,51.65
40000,2,51.61
40000,2,51.64
40000,2,51.69
40000,2,51.65
40000,2,51.69
40000,2,51.65
40000,2,51.69
40000,2,51.65
40000,2,51.69
40000,2,51.73
40000,2,51.69
40000,2,51.73
40000,2,51.70
40000,2,51.74
40000,2,51.71
40000,2,51.75
40000,2,51.72
40000,2,51.76
40000,2,51.72
40000,2,51.76
40000,2,51.80
40000,2,51.77
40000,2,51.81
40000,2,51.77
40000,2,51.81
40000,2,51.77
40000,2,51.81
40000,2,51.77
40000,2,51.81
40000,2,51.85
40000,2,51.82
40000,2,51.86
40000,2,51.82
40000,2,51.86
40000,2,51.82
40000,2,51.86
40000,2,51.82
40000,2,51.86
40000,2,51.91
40000,2,51.87
40000,2,51.91
40000,2,51.88
40000,2,51.92
40000,2,51.88
40000,2,51.93
40000,2,51.89
40000,2,51.93
40000,2,51.88
40000,2,51.92
40000,2,51.96
40000,2,51.92
40000,2,51.96
40000,2,51.93
40000,2,51.98
40000,2,51.94
40000,2,51.98
40000,2,51.92
40000,2,51.96
40000,2,52.00
40000,2,51.96
40000,2,52.00
40000,2,51.97
40000,2,52.01
40000,2,51.96
40000,2,52.00
40000,2,52.04
40000,2,52.01
40000,2,52.05
40000,2,52.01
40000,2,52.05
40000,2,52.02
40000,2,52.06
40000,2,52.02
40000,2,52.06
40000,2,52.10
40000,2,52.08
40000,2,52.11
40000,2,52.07
40000,2,52.11
40000,2,52.07
40000,2,52.11
40000,2,52.08
40000,2,52.12
40000,2,52.08
40000,2,52.12
40000,2,52.16
40000,2,52.12
40000,2,52.16
40000,2,52.11
40000,2,52.15
40000,2,52.19
40000,2,52.16
40000,2,52.19
40000,2,52.16
40000,2,52.20
40000,2,52.17
40000,2,52.21
40000,2,52.18
40000,2,52.22
40000,2,52.18
40000,2,52.22
40000,2,52.19
40000,2,52.23
40000,2,52.20
40000,2,52.24
40000,2,52.20
40000,2,52.24
40000,2,52.21
40000,2,52.25
40000,2,52.28
40000,2,52.25
40000,2,52.29
40000,2,52.26
40000,2,52.30
40000,2,52.26
40000,2,52.30
40000,2,52.25
40000,2,52.29
40000,2,52.33
40000,2,52.28
40000,2,52.32
40000,2,52.28
40000,2,52.31
40000,2,52.35
40000,2,52.32
40000,2,52.36
40000,2,52.33
40000,2,52.37
40000,2,52.34
40000,2,52.37
40000,2,52.34
40000,2,52.38
40000,2,52.34
40000,2,52.38
40000,2,52.35
40000,2,52.39
40000,2,52.36
40000,2,52.39
40000,2,52.43
40000,2,52.39
40000,2,52.43
40000,2,52.40
40000,2,52.44
40000,2,52.40
40000,2,52.44
40000,2,52.42
40000,2,52.45
40000,2,52.40
40000,2,52.43
40000,2,52.47
40000,2,52.43
40000,2,52.46
40000,2,52.43
40000,2,52.47
40000,2,52.51
40000,2,52.48
40000,2,52.51
40000,2,52.48
40000,2,52.52
40000,2,52.49
40000,2,52.52
40000,2,52.49
40000,2,52.53
40000,2,52.50
40000,2,52.54
40000,2,52.50
40000,2,52.54
40000,2,52.50
40000,2,52.54
40000,2,52.58
40000,2,52.55
40000,2,52.59
40000,2,52.55
40000,2,52.59
40000,2,52.54
40000,2,52.58
40000,2,52.62
40000,2,52.57
40000,2,52.61
40000,2,52.57
40000,2,52.61
40000,2,52.57
40000,2,52.61
40000,2,52.65
40000,2,52.62
40000,2,52.66
40000,2,52.62
40000,2,52.66
40000,2,52.62
40000,2,52.66
40000,2,52.63
40000,2,52.67
40000,2,52.64
40000,2,52.68
40000,2,52.65
40000,2,52.69
40000,2,52.66
40000,2,52.70
40000,2,52.67
40000,2,52.71
40000,2,52.68
40000,2,52.71
40000,2,52.68
40000,2,52.71
40000,2,52.67
40000,2,52.70
40000,2,52.74
40000,2,52.70
40000,2,52.73
40000,2,52.69
40000,2,52.73
40000,2,52.76
40000,2,52.73
40000,2,52.77
40000,2,52.74
40000,2,52.78
40000,2,52.75
40000,2,52.78
40000,2,52.75
40000,2,52.79
40000,2,52.76
40000,2,52.79
40000,2,52.76
40000,2,52.79
40000,2,52.83
40000,2,52.80
40000,2,52.84
40000,2,52.81
40000,2,52.84
40000,2,52.81
40000,2,52.85
40000,2,52.81
40000,2,52.85
40000,2,52.82
40000,2,52.85
40000,2,52.82
40000,2,52.85
40000,2,52.89
40000,2,52.84
40000,2,52.88
40000,2,52.83
40000,2,52.86
40000,2,52.90
40000,2,52.87
40000,2,52.90
40000,2,52.88
40000,2,52.91
40000,2,52.88
40000,2,52.92
40000,2,52.87
40000,2,52.91
40000,2,52.94
40000,2,52.90
40000,2,52.94
40000,2,52.91
40000,2,52.94
40000,2,52.90
40000,2,52.94
40000,2,52.98
40000,2,52.94
40000,2,52.98
40000,2,52.95
40000,2,52.98
40000,2,52.96
40000,2,52.99
40000,2,52.95
40000,2,52.98
40000,2,53.02
40000,2,52.97
40000,2,53.01
40000,2,52.97
40000,2,53.00
40000,2,53.04
40000,2,53.00
40000,2,53.03
40000,2,53.00
40000,2,53.04
40000,2,53.01
40000,2,53.05
40000,2,53.02
40000,2,53.05
40000,2,53.02
40000,2,53.05
40000,2,53.02
40000,2,53.05
40000,2,53.08
40000,2,53.06
40000,2,53.09
40000,2,53.06
40000,2,53.10
40000,2,53.07
40000,2,53.11
40000,2,53.08
40000,2,53.11
40000,2,53.08
40000,2,53.11
40000,2,53.08
40000,2,53.11
40000,2,53.06
40000,2,53.09
40000,2,53.13
40000,2,53.08
40000,2,53.12
40000,2,53.16
40000,2,53.12
40000,2,53.16
40000,2,53.12
40000,2,53.15
40000,2,53.11
40000,2,53.15
40000,2,53.18
40000,2,53.15
40000,2,53.19
40000,2,53.16
40000,2,53.19
40000,2,53.16
40000,2,53.19
40000,2,53.16
40000,2,53.19
40000,2,53.23
40000,2,53.20
40000,2,53.23
40000,2,53.20
40000,2,53.23
40000,2,53.21
40000,2,53.24
40000,2,53.21
40000,2,53.25
40000,2,53.21
40000,2,53.24
40000,2,53.21
40000,2,53.25
40000,2,53.28
40000,2,53.22
40000,2,53.26
40000,2,53.29
40000,2,53.25
40000,2,53.29
40000,2,53.25
40000,2,53.29
40000,2,53.26
40000,2,53.30
40000,2,53.25
40000,2,53.29
40000,2,53.32
40000,2,53.29
40000,2,53.33
40000,2,53.28
40000,2,53.31
40000,2,53.29
40000,2,53.32
40000,2,53.35
40000,2,53.32
40000,2,53.35
40000,2,53.32
40000,2,53.36
40000,2,53.33
40000,2,53.36
40000,2,53.20
40000,2,53.18
40000,2,53.21
40000,2,53.18
40000,2,53.21
40000,2,53.19
40000,2,53.22
40000,2,53.19
40000,2,53.23
40000,2,53.19
40000,2,53.23
40000,2,53.20
40000,2,53.23
40000,2,53.21
40000,2,53.24
40000,2,53.22
40000,2,53.25
40000,2,53.22
40000,2,53.26
40000,2,53.22
40000,2,53.26
40000,2,53.23
40000,2,53.26
40000,2,53.23
40000,2,53.26
40000,2,53.30
40000,2,53.25
40000,2,53.28
40000,2,53.26
40000,2,53.29
40000,2,53.26
40000,2,53.29
40000,2,53.26
40000,2,53.29
40000,2,53.32
40000,2,53.28
40000,2,53.31
40000,2,53.28
40000,2,53.32
40000,2,53.29
40000,2,53.32
40000,2,53.35
40000,2,53.33
40000,2,53.36
40000,2,53.33
40000,2,53.37
40000,2,53.34
40000,2,53.37
40000,2,53.34
40000,2,53.38
40000,2,53.35
40000,2,53.38
40000,2,53.34
40000,2,53.38
40000,2,53.34
40000,2,53.37
40000,2,53.40
40000,2,53.36
40000,2,53.39
40000,2,53.34
40000,2,53.37
40000,2,53.40
40000,2,53.37
40000,2,53.40
40000,2,53.44
40000,2,53.41
40000,2,53.44
40000,2,53.41
40000,2,53.44
40000,2,53.41
40000,2,53.44
40000,2,53.42
40000,2,53.45
40000,2,53.41
40000,2,53.44
40000,2,53.47
40000,2,53.45
40000,2,53.48
40000,2,53.45
40000,2,53.49
40000,2,53.46
40000,2,53.49
40000,2,53.46
40000,2,53.49
40000,2,53.46
40000,2,53.49
40000,2,53.45
40000,2,53.49
40000,2,53.52
40000,2,53.48
40000,2,53.51
40000,2,53.48
40000,2,53.51
40000,2,53.48
40000,2,53.51
40000,2,53.55
40000,2,53.52
40000,2,53.55
40000,2,53.52
40000,2,53.55
40000,2,53.51
40000,2,53.54
40000,2,53.57
40000,2,53.54
40000,2,53.57
40000,2,53.55
40000,2,53.58
40000,2,53.54
40000,2,53.57
40000,2,53.53
40000,2,53.56
40000,2,53.59
40000,2,53.55
40000,2,53.58
40000,2,53.61
40000,2,53.57
40000,2,53.60
40000,2,53.57
40000,2,53.60
40000,2,53.57
40000,2,53.60
40000,2,53.63
40000,2,53.60
40000,2,53.63
40000,2,53.60
40000,2,53.63
40000,2,53.60
40000,2,53.63
40000,2,53.61
40000,2,53.64
40000,2,53.61
40000,2,53.64
40000,2,53.67
40000,2,53.65
40000,2,53.68
40000,2,53.65
40000,2,53.68
40000,2,53.65
40000,2,53.68
40000,2,53.65
40000,2,53.69
40000,2,53.66
40000,2,53.69
40000,2,53.66
40000,2,53.69
40000,2,53.66
40000,2,53.69
40000,2,53.72
40000,2,53.69
40000,2,53.73
40000,2,53.69
40000,2,53.72
40000,2,53.70
40000,2,53.73
40000,2,53.70
40000,2,53.73
40000,2,53.69
40000,2,53.72
40000,2,53.75
40000,2,53.72
40000,2,53.75
40000,2,53.73
40000,2,53.76
40000,2,53.73
40000,2,53.76
40000,2,53.73
40000,2,53.76
40000,2,53.79
40000,2,53.76
40000,2,53.79
40000,2,53.76
40000,2,53.80
40000,2,53.77
40000,2,53.80
40000,2,53.77
40000,2,53.80
40000,2,53.76
40000,2,53.79
40000,2,53.83
40000,2,53.79
40000,2,53.81
40000,2,53.79
40000,2,53.82
40000,2,53.79
40000,2,53.82
40000,2,53.78
40000,2,53.81
40000,2,53.84
40000,2,53.82
40000,2,53.85
40000,2,53.82
40000,2,53.85
40000,2,53.82
40000,2,53.85
40000,2,53.81
40000,2,53.84
40000,2,53.87
40000,2,53.81
40000,2,53.84
40000,2,53.87
40000,2,53.81
40000,2,53.84
40000,2,53.87
40000,2,53.90
40000,2,53.86
40000,2,53.89
40000,2,53.84
40000,2,53.87
40000,2,53.90
40000,2,53.86
40000,2,53.89
40000,2,53.92
40000,2,53.89
40000,2,53.92
40000,2,53.89
40000,2,53.92
40000,2,53.86
40000,2,53.89
40000,2,53.92
40000,2,53.95
40000,2,53.90
40000,2,53.93
40000,2,53.96
40000,2,53.91
40000,2,53.94
40000,2,53.97
40000,2,53.92
40000,2,53.95
40000,2,53.98
40000,2,53.93
40000,2,53.96
40000,2,53.91
40000,2,53.94
40000,2,53.97
40000,2,53.92
40000,2,53.95
40000,2,53.98
40000,2,53.93
40000,2,53.96
40000,2,53.99
40000,2,54.02
40000,2,53.97
40000,2,54.00
40000,2,53.95
40000,2,53.98
40000,2,54.01
40000,2,53.96
40000,2,53.99
40000,2,54.02
40000,2,53.97
40000,2,54.00
40000,2,54.03
40000,2,53.98
40000,2,54.01
40000,2,54.04
40000,2,53.99
40000,2,54.02
40000,2,54.05
40000,2,54.02
40000,2,54.05
40000,2,54.03
40000,2,54.06
40000,2,54.02
40000,2,54.05
40000,2,54.08
40000,2,54.05
40000,2,54.08
40000,2,54.04
40000,2,54.07
40000,2,54.10
40000,2,54.07
40000,2,54.10
40000,2,54.06
40000,2,54.09
40000,2,54.07
40000,2,54.09
40000,2,54.06
40000,2,54.09
40000,2,54.12
40000,2,54.10
40000,2,54.13
40000,2,54.10
40000,2,54.13
40000,2,54.09
40000,2,54.12
40000,2,54.10
40000,2,54.12
40000,2,54.09
40000,2,54.12
40000,2,54.15
40000,2,54.12
40000,2,54.15
40000,2,54.12
40000,2,54.15
40000,2,54.13
40000,2,54.16
40000,2,54.10
40000,2,54.13
40000,2,54.16
40000,2,54.13
40000,2,54.16
40000,2,54.19
40000,2,54.16
40000,2,54.19
40000,2,54.15
40000,2,54.18
40000,2,54.15
40000,2,54.18
40000,2,54.21
40000,2,54.19
40000,2,54.21
40000,2,54.19
40000,2,54.22
40000,2,54.19
40000,2,54.21
40000,2,54.19
40000,2,54.22
40000,2,54.19
40000,2,54.21
40000,2,54.24
40000,2,54.22
40000,2,54.24
40000,2,54.22
40000,2,54.25
40000,2,54.22
40000,2,54.25
40000,2,54.22
40000,2,54.24
40000,2,54.22
40000,2,54.25
40000,2,54.27
40000,2,54.25
40000,2,54.28
40000,2,54.25
40000,2,54.27
40000,2,54.24
40000,2,54.27
40000,2,54.24
40000,2,54.27
40000,2,54.30
40000,2,54.26
40000,2,54.29
40000,2,54.26
40000,2,54.29
40000,2,54.26
40000,2,54.29
40000,2,54.26
40000,2,54.29
40000,2,54.32
40000,2,54.30
40000,2,54.33
40000,2,54.30
40000,2,54.33
40000,2,54.30
40000,2,54.33
40000,2,54.30
40000,2,54.33
40000,2,54.29
40000,2,54.32
40000,2,54.35
40000,2,54.32
40000,2,54.35
40000,2,54.32
40000,2,54.35
40000,2,54.32
40000,2,54.35
40000,2,54.33
40000,2,54.35
40000,2,54.33
40000,2,54.35
40000,2,54.32
40000,2,54.35
40000,2,54.38
40000,2,54.35
40000,2,54.38
40000,2,54.35
40000,2,54.37
40000,2,54.35
40000,2,54.38
40000,2,54.36
40000,2,54.39
40000,2,54.35
40000,2,54.38
40000,2,54.41
40000,2,54.38
40000,2,54.41
40000,2,54.37
40000,2,54.40
40000,2,54.43
40000,2,54.39
40000,2,54.42
40000,2,54.39
40000,2,54.42
40000,2,54.39
40000,2,54.42
40000,2,54.45
40000,2,54.42
40000,2,54.44
40000,2,54.41
40000,2,54.44
40000,2,54.42
40000,2,54.45
40000,2,54.42
40000,2,54.45
40000,2,54.43
40000,2,54.45
40000,2,54.43
40000,2,54.45
40000,2,54.43
40000,2,54.45
40000,2,54.48
40000,2,54.45
40000,2,54.48
40000,2,54.45
40000,2,54.47
40000,2,54.45
40000,2,54.47
40000,2,54.50
40000,2,54.46
40000,2,54.49
40000,2,54.46
40000,2,54.49
40000,2,54.51
40000,2,54.49
40000,2,54.51
40000,2,54.48
40000,2,54.51
40000,2,54.48
40000,2,54.51
40000,2,54.49
40000,2,54.51
40000,2,54.49
40000,2,54.51
40000,2,54.54
40000,2,54.51
40000,2,54.54
40000,2,54.52
40000,2,54.55
40000,2,54.52
40000,2,54.54
40000,2,54.52
40000,2,54.54
40000,2,54.52
40000,2,54.55
40000,2,54.52
40000,2,54.55
40000,2,54.51
40000,2,54.54
40000,2,54.57
40000,2,54.53
40000,2,54.55
40000,2,54.58
40000,2,54.55
40000,2,54.58
40000,2,54.55
40000,2,54.58
40000,2,54.54
40000,2,54.57
40000,2,54.60
40000,2,54.56
40000,2,54.59
40000,2,54.56
40000,2,54.59
40000,2,54.61
40000,2,54.59
40000,2,54.61
40000,2,54.59
40000,2,54.62
40000,2,54.59
40000,2,54.62
40000,2,54.59
40000,2,54.62
40000,2,54.60
40000,2,54.62
40000,2,54.59
40000,2,54.62
40000,2,54.65
40000,2,54.62
40000,2,54.64
40000,2,54.61
40000,2,54.64
40000,2,54.61
40000,2,54.64
40000,2,54.61
40000,2,54.64
40000,2,54.67
40000,2,54.64
40000,2,54.66
40000,2,54.64
40000,2,54.66
40000,2,54.64
40000,2,54.66
40000,2,54.64
40000,2,54.66
40000,2,54.69
40000,2,54.66
40000,2,54.69
40000,2,54.67
40000,2,54.69
40000,2,54.67
40000,2,54.70
40000,2,54.67
40000,2,54.70
40000,2,54.67
40000,2,54.70
40000,2,54.67
40000,2,54.70
40000,2,54.67
40000,2,54.70
40000,2,54.67
40000,2,54.69
40000,2,54.72
40000,2,54.69
40000,2,54.71
40000,2,54.68
40000,2,54.71
40000,2,54.73
40000,2,54.70
40000,2,54.72
40000,2,54.68
40000,2,54.71
40000,2,54.73
40000,2,54.71
40000,2,54.73
40000,2,54.76
40000,2,54.74
40000,2,54.76
40000,2,54.74
40000,2,54.77
40000,2,54.74
40000,2,54.77
40000,2,54.74
40000,2,54.77
40000,2,54.74
40000,2,54.76
40000,2,54.73
40000,2,54.76
40000,2,54.78
40000,2,54.75
40000,2,54.77
40000,2,54.73
40000,2,54.76
40000,2,54.78
40000,2,54.75
40000,2,54.77
40000,2,54.80
40000,2,54.77
40000,2,54.80
40000,2,54.77
40000,2,54.80
40000,2,54.78
40000,2,54.80
40000,2,54.78
40000,2,54.81
40000,2,54.78
40000,2,54.81
40000,2,54.83
40000,2,54.81
40000,2,54.84
40000,2,54.81
40000,2,54.83
40000,2,54.80
40000,2,54.83
40000,2,54.80
40000,2,54.83
40000,2,54.85
40000,2,54.82
40000,2,54.85
40000,2,54.83
40000,2,54.85
40000,2,54.81
40000,2,54.84
40000,2,54.86
40000,2,54.83
40000,2,54.85
40000,2,54.82
40000,2,54.84
40000,2,54.87
40000,2,54.84
40000,2,54.87
40000,2,54.85
40000,2,54.88
40000,2,54.85
40000,2,54.87
40000,2,54.84
40000,2,54.87
40000,2,54.89
40000,2,54.87
40000,2,54.89
40000,2,54.87
40000,2,54.89
40000,2,54.87
40000,2,54.89
40000,2,54.86
40000,2,54.89
40000,2,54.91
40000,2,54.89
40000,2,54.92
40000,2,54.89
40000,2,54.91
40000,2,54.89
40000,2,54.91
40000,2,54.87
40000,2,54.90
40000,2,54.92
40000,2,54.90
40000,2,54.93
40000,2,54.90
40000,2,54.93
40000,2,54.90
40000,2,54.93
40000,2,54.91
40000,2,54.93
40000,2,54.91
40000,2,54.93
40000,2,54.96
40000,2,54.93
40000,2,54.96
40000,2,54.93
40000,2,54.96
40000,2,54.93
40000,2,54.95
40000,2,54.93
40000,2,54.96
40000,2,54.93
40000,2,54.95
40000,2,54.98
40000,2,54.96
40000,2,54.98
40000,2,54.96
40000,2,54.98
40000,2,54.94
40000,2,54.97
40000,2,54.99
40000,2,54.96
40000,2,54.99
40000,2,54.96
40000,2,54.99
40000,2,54.96
40000,2,54.99
40000,2,54.96
40000,2,54.98
40000,2,55.01
40000,2,54.98
40000,2,55.01
40000,2,54.98
40000,2,55.01
40000,2,54.98
40000,2,55.00
40000,2,55.03
40000,2,55.00
40000,2,55.02
40000,2,55.00
40000,2,55.02
40000,2,54.99
40000,2,55.01
40000,2,55.04
40000,2,55.01
40000,2,55.03
40000,2,55.00
40000,2,55.03
40000,2,55.05
40000,2,55.02
40000,2,55.04
40000,2,55.02
40000,2,55.04
40000,2,55.01
40000,2,55.04
40000,2,55.06
40000,2,55.03
40000,2,55.06
40000,2,55.03
40000,2,55.05
40000,2,55.07
40000,2,55.04
40000,2,55.07
40000,2,55.05
40000,2,55.07
40000,2,55.05
40000,2,55.08
40000,2,55.05
40000,2,55.07
40000,2,55.10
40000,2,55.07
40000,2,55.10
40000,2,55.06
40000,2,55.09
40000,2,55.06
40000,2,55.08
40000,2,55.11
40000,2,55.07
40000,2,55.10
40000,2,55.06
40000,2,55.08
40000,2,55.11
40000,2,55.09
40000,2,55.11
40000,2,55.09
40000,2,55.11
40000,2,55.09
40000,2,55.11
40000,2,55.09
40000,2,55.11
40000,2,55.13
40000,2,55.10
40000,2,55.13
40000,2,55.09
40000,2,55.12
40000,2,55.14
40000,2,55.12
40000,2,55.14
40000,2,55.12
40000,2,55.14
40000,2,55.11
40000,2,55.14
40000,2,55.16
40000,2,55.13
40000,2,55.16
40000,2,55.13
40000,2,55.16
40000,2,55.13
40000,2,55.15
40000,2,55.12
40000,2,55.15
40000,2,55.17
40000,2,55.14
40000,2,55.16
40000,2,55.18
40000,2,55.16
40000,2,55.19
40000,2,55.16
40000,2,55.19
40000,2,55.15
40000,2,55.18
40000,2,55.20
40000,2,55.17
40000,2,55.19
40000,2,55.16
40000,2,55.18
40000,2,55.21
40000,2,55.17
40000,2,55.19
40000,2,55.15
40000,2,55.17
40000,2,55.19
40000,2,55.22
40000,2,55.19
40000,2,55.21
40000,2,55.17
40000,2,55.19
40000,2,55.21
40000,2,55.17
40000,2,55.19
40000,2,55.21
40000,2,55.17
40000,2,55.20
40000,2,55.22
40000,2,55.24
40000,2,55.21
40000,2,55.23
40000,2,55.20
40000,2,55.22
40000,2,55.24
40000,2,55.22
40000,2,55.24
40000,2,55.22
40000,2,55.24
40000,2,55.22
40000,2,55.25
40000,2,55.23
40000,2,55.25
40000,2,55.22
40000,2,55.25
40000,2,55.27
40000,2,55.24
40000,2,55.27
40000,2,55.24
40000,2,55.26
40000,2,55.24
40000,2,55.26
40000,2,55.29
40000,2,55.27
40000,2,55.29
40000,2,55.26
40000,2,55.28
40000,2,55.26
40000,2,55.28
40000,2,55.24
40000,2,55.27
40000,2,55.29
40000,2,55.27
40000,2,55.29
40000,2,55.27
40000,2,55.29
40000,2,55.27
40000,2,55.29
40000,2,55.31
40000,2,55.28
40000,2,55.31
40000,2,55.29
40000,2,55.31
40000,2,55.29
40000,2,55.31
40000,2,55.28
40000,2,55.30
40000,2,55.33
40000,2,55.30
40000,2,55.32
40000,2,55.30
40000,2,55.32
40000,2,55.34
40000,2,55.32
40000,2,55.34
40000,2,55.31
40000,2,55.33
40000,2,55.30
40000,2,55.33
40000,2,55.35
40000,2,55.32
40000,2,55.35
40000,2,55.32
40000,2,55.35
40000,2,55.33
40000,2,55.35
40000,2,55.32
40000,2,55.34
40000,2,55.37
40000,2,55.34
40000,2,55.36
40000,2,55.33
40000,2,55.36
40000,2,55.38
40000,2,55.36
40000,2,55.38
40000,2,55.36
40000,2,55.38
40000,2,55.36
40000,2,55.39
40000,2,55.36
40000,2,55.38
40000,2,55.36
40000,2,55.39
40000,2,55.36
40000,2,55.38
40000,2,55.35
40000,2,55.38
40000,2,55.40
40000,2,55.36
40000,2,55.39
40000,2,55.41
40000,2,55.39
40000,2,55.41
40000,2,55.39
40000,2,55.41
40000,2,55.39
40000,2,55.41
40000,2,55.39
40000,2,55.41
40000,2,55.39
40000,2,55.41
40000,2,55.39
40000,2,55.41
40000,2,55.43
40000,2,55.41
40000,2,55.43
40000,2,55.41
40000,2,55.44
40000,2,55.41
40000,2,55.44
40000,2,55.41
40000,2,55.43
40000,2,55.41
40000,2,55.44
40000,2,55.40
40000,2,55.43
40000,2,55.45
40000,2,55.43
40000,2,55.46
40000,2,55.42
40000,2,55.44
40000,2,55.46
40000,2,55.44
40000,2,55.46
40000,2,55.44
40000,2,55.47
40000,2,55.43
40000,2,55.46
40000,2,55.43
40000,2,55.45
40000,2,55.47
40000,2,55.45
40000,2,55.48
40000,2,55.45
40000,2,55.47
40000,2,55.45
40000,2,55.47
40000,2,55.45
40000,2,55.47
40000,2,55.49
40000,2,55.47
40000,2,55.49
40000,2,55.46
40000,2,55.49
40000,2,55.46
40000,2,55.48
40000,2,55.50
40000,2,55.48
40000,2,55.50
40000,2,55.47
40000,2,55.49
40000,2,55.51
40000,2,55.49
40000,2,55.51
40000,2,55.49
40000,2,55.52
40000,2,55.50
40000,2,55.52
40000,2,55.50
40000,2,55.52
40000,2,55.49
40000,2,55.52
40000,2,55.49
40000,2,55.51
40000,2,55.54
40000,2,55.52
40000,2,55.54
40000,2,55.51
40000,2,55.54
40000,2,55.52
40000,2,55.54
40000,2,55.52
40000,2,55.54
40000,2,55.51
40000,2,55.53
40000,2,55.55
40000,2,55.53
40000,2,55.55
40000,2,55.53
40000,2,55.55
40000,2,55.52
40000,2,55.54
40000,2,55.56
40000,2,55.54
40000,2,55.56
40000,2,55.54
40000,2,55.56
40000,2,55.54
40000,2,55.56
40000,2,55.54
40000,2,55.56
40000,2,55.54
40000,2,55.56
40000,2,55.58
40000,2,55.55
40000,2,55.57
40000,2,55.55
40000,2,55.57
40000,2,55.59
40000,2,55.57
40000,2,55.59
40000,2,55.57
40000,2,55.59
40000,2,55.57
40000,2,55.59
40000,2,55.55
40000,2,55.58
40000,2,55.60
40000,2,55.56
40000,2,55.58
40000,2,55.60
40000,2,55.57
40000,2,55.59
40000,2,55.61
40000,2,55.58
40000,2,55.60
40000,2,55.62
40000,2,55.59
40000,2,55.61
40000,2,55.59
40000,2,55.61
40000,2,55.59
40000,2,55.61
40000,2,55.59
40000,2,55.61
40000,2,55.63
40000,2,55.61
40000,2,55.63
40000,2,55.61
40000,2,55.63
40000,2,55.61
40000,2,55.63
40000,2,55.61
40000,2,55.63
40000,2,55.65
40000,2,55.62
40000,2,55.64
40000,2,55.62
40000,2,55.64
40000,2,55.61
40000,2,55.63
40000,2,55.65
40000,2,55.62
40000,2,55.64
40000,2,55.67
40000,2,55.64
40000,2,55.66
40000,2,55.64
40000,2,55.66
40000,2,55.65
40000,2,55.67
40000,2,55.64
40000,2,55.66
40000,2,55.64
40000,2,55.66
40000,2,55.64
40000,2,55.67
40000,2,55.68
40000,2,55.66
40000,2,55.68
40000,2,55.66
40000,2,55.68
40000,2,55.66
40000,2,55.68
40000,2,55.66
40000,2,55.68
40000,2,55.65
40000,2,55.67
40000,2,55.69
40000,2,55.66
40000,2,55.68
40000,2,55.70
40000,2,55.67
40000,2,55.69
40000,2,55.67
40000,2,55.69
40000,2,55.71
40000,2,55.69
40000,2,55.71
40000,2,55.69
40000,2,55.71
40000,2,55.69
40000,2,55.71
40000,2,55.69
40000,2,55.71
40000,2,55.69
40000,2,55.71
40000,2,55.73
40000,2,55.71
40000,2,55.73
40000,2,55.71
40000,2,55.73
40000,2,55.71
40000,2,55.73
40000,2,55.71
40000,2,55.73
40000,2,55.72
40000,2,55.74
40000,2,55.72
40000,2,55.74
40000,2,55.71
40000,2,55.73
40000,2,55.76
40000,2,55.74
40000,2,55.76
40000,2,55.74
40000,2,55.76
40000,2,55.73
40000,2,55.75
40000,2,55.74
40000,2,55.76
40000,2,55.74
40000,2,55.76
40000,2,55.73
40000,2,55.75
40000,2,55.77
40000,2,55.75
40000,2,55.77
40000,2,55.74
40000,2,55.76
40000,2,55.75
40000,2,55.77
40000,2,55.75
40000,2,55.77
40000,2,55.79
40000,2,55.76
40000,2,55.78
40000,2,55.76
40000,2,55.78
40000,2,55.75
40000,2,55.77
40000,2,55.79
40000,2,55.77
40000,2,55.79
40000,2,55.77
40000,2,55.79
40000,2,55.81
40000,2,55.78
40000,2,55.81
40000,2,55.78
40000,2,55.80
40000,2,55.78
40000,2,55.80
40000,2,55.79
40000,2,55.81
40000,2,55.77
40000,2,55.79
40000,2,55.81
40000,2,55.78
40000,2,55.80
40000,2,55.82
40000,2,55.79
40000,2,55.81
40000,2,55.83
40000,2,55.78
40000,2,55.80
40000,2,55.82
40000,2,55.77
40000,2,55.79
40000,2,55.81
40000,2,55.83
40000,2,55.79
40000,2,55.81
40000,2,55.83
40000,2,55.85
40000,2,55.81
40000,2,55.84
40000,2,55.81
40000,2,55.83
40000,2,55.85
40000,2,55.83
40000,2,55.85
40000,2,55.82
40000,2,55.84
40000,2,55.86
40000,2,55.83
40000,2,55.85
40000,2,55.82
40000,2,55.84
40000,2,55.86
40000,2,55.84
40000,2,55.86
40000,2,55.77
90000,2,7.66
90000,2,7.69
90000,2,7.79
90000,2,7.89
90000,2,7.99
90000,2,8.02
90000,2,8.06
90000,2,8.15
90000,2,8.25
90000,2,8.35
90000,2,8.39
90000,2,8.41
90000,2,8.51
90000,2,8.60
90000,2,8.70
90000,2,8.73
90000,2,8.75
90000,2,8.78
90000,2,8.87
90000,2,8.97
90000,2,9.06
90000,2,9.08
90000,2,9.11
90000,2,9.20
90000,2,9.29
90000,2,9.38
90000,2,9.41
90000,2,9.43
90000,2,9.52
90000,2,9.61
90000,2,9.70
90000,2,9.72
90000,2,9.74
90000,2,9.76
90000,2,9.84
90000,2,9.93
90000,2,10.02
90000,2,10.03
90000,2,10.05
90000,2,10.06
90000,2,10.15
90000,2,10.24
90000,2,10.32
90000,2,10.34
90000,2,10.35
90000,2,10.44
90000,2,10.52
90000,2,10.61
90000,2,10.63
90000,2,10.64
90000,2,10.72
90000,2,10.80
90000,2,10.89
90000,2,10.90
90000,2,10.91
90000,2,10.99
90000,2,11.07
90000,2,11.15
90000,2,11.13
90000,2,11.09
90000,2,11.08
90000,2,11.07
90000,2,11.06
90000,2,11.00
160000,2,3.92
160000,2,3.96
160000,2,4.00
160000,2,4.04
160000,2,4.08
160000,2,4.12
160000,2,4.16
160000,2,4.20
160000,2,4.24
160000,2,4.27
160000,2,4.30
160000,2,4.34
160000,2,4.37
160000,2,4.40
160000,2,4.43
160000,2,4.46
160000,2,4.49
160000,2,4.52
160000,2,4.54
160000,2,4.57
160000,2,4.60
160000,2,4.63
160000,2,4.66
160000,2,4.68
160000,2,4.70
160000,2,4.72
160000,2,4.75
160000,2,4.77
160000,2,4.79
160000,2,4.81
160000,2,4.83
160000,2,4.85
160000,2,4.87
160000,2,4.89
160000,2,4.90
160000,2,4.93
160000,2,4.94
160000,2,4.96
160000,2,4.99
160000,2,5.01
160000,2,5.02
160000,2,5.04
160000,2,5.06
160000,2,5.08
160000,2,5.09
160000,2,5.11
160000,2,5.12
160000,2,5.14
160000,2,5.14
160000,2,5.15
160000,2,5.17
160000,2,5.18
160000,2,5.20
160000,2,5.22
160000,2,5.23
160000,2,5.24
160000,2,5.26
160000,2,5.27
160000,2,5.28
160000,2,5.30
160000,2,5.31
160000,2,5.32
160000,2,5.34
160000,2,5.35
160000,2,5.36
160000,2,5.37
160000,2,5.38
160000,2,5.40
160000,2,5.41
160000,2,5.42
160000,2,5.43
160000,2,5.44
160000,2,5.45
160000,2,5.46
160000,2,5.47
160000,2,5.48
160000,2,5.49
160000,2,5.51
160000,2,5.52
160000,2,5.52
160000,2,5.54
160000,2,5.55
160000,2,5.56
160000,2,5.57
160000,2,5.58
160000,2,5.58
160000,2,5.59
160000,2,5.60
160000,2,5.61
160000,2,5.61
160000,2,5.62
160000,2,5.63
160000,2,5.64
160000,2,5.64
160000,2,5.64
160000,2,5.65
160000,2,5.66
160000,2,5.66
160000,2,5.67
160000,2,5.68
160000,2,5.68
160000,2,5.69
160000,2,5.70
160000,2,5.70
160000,2,5.71
160000,2,5.71
160000,2,5.71
160000,2,5.71
160000,2,5.72
160000,2,5.73
160000,2,5.73
160000,2,5.74
160000,2,5.74
160000,2,5.75
160000,2,5.75
160000,2,5.76
160000,2,5.76
160000,2,5.77
160000,2,5.77
160000,2,5.78
160000,2,5.79
160000,2,5.79
160000,2,5.80
160000,2,5.81
160000,2,5.81
160000,2,5.82
160000,2,5.83
160000,2,5.84
160000,2,5.84
160000,2,5.85
160000,2,5.85
160000,2,5.86
160000,2,5.86
160000,2,5.87
160000,2,5.87
160000,2,5.88
160000,2,5.89
160000,2,5.89
160000,2,5.90
160000,2,5.90
160000,2,5.91
160000,2,5.92
160000,2,5.92
160000,2,5.92
160000,2,5.93
160000,2,5.94
160000,2,5.94
160000,2,5.95
160000,2,5.95
160000,2,5.96
160000,2,5.96
160000,2,5.96
160000,2,5.97
160000,2,5.97
160000,2,5.98
160000,2,5.99
160000,2,5.99
160000,2,6.00
160000,2,6.00
160000,2,6.01
160000,2,6.00
160000,2,6.00
160000,2,6.01
160000,2,6.01
160000,2,6.02
160000,2,6.03
160000,2,6.03
160000,2,6.04
160000,2,6.04
160000,2,6.04
160000,2,6.05
160000,2,6.05
160000,2,6.06
160000,2,6.06
160000,2,6.07
160000,2,6.07
160000,2,6.08
160000,2,6.08
160000,2,6.08
160000,2,6.09
160000,2,6.09
160000,2,6.09
160000,2,6.10
160000,2,6.11
160000,2,6.11
160000,2,6.11
160000,2,6.12
160000,2,6.12
160000,2,6.13
160000,2,6.13
160000,2,6.13
160000,2,6.13
160000,2,6.13
160000,2,6.14
160000,2,6.14
160000,2,6.15
160000,2,6.15
160000,2,6.16
160000,2,6.16
160000,2,6.16
160000,2,6.16
160000,2,6.17
160000,2,6.17
160000,2,6.17
160000,2,6.18
160000,2,6.18
160000,2,6.19
160000,2,6.19
160000,2,6.19
160000,2,6.19
160000,2,6.20
160000,2,6.20
160000,2,6.20
160000,2,6.21
160000,2,6.21
160000,2,6.21
160000,2,6.22
160000,2,6.22
160000,2,6.22
160000,2,6.22
160000,2,6.23
160000,2,6.23
160000,2,6.23
160000,2,6.24
160000,2,6.24
160000,2,6.24
160000,2,6.25
160000,2,6.25
160000,2,6.25
160000,2,6.25
160000,2,6.26
160000,2,6.26
160000,2,6.26
160000,2,6.27
160000,2,6.27
160000,2,6.27
160000,2,6.27
160000,2,6.28
160000,2,6.28
160000,2,6.28
160000,2,6.29
160000,2,6.29
160000,2,6.29
160000,2,6.30
160000,2,6.30
160000,2,6.30
160000,2,6.30
160000,2,6.31
160000,2,6.31
160000,2,6.31
160000,2,6.32
160000,2,6.32
160000,2,6.32
160000,2,6.32
160000,2,6.32
160000,2,6.33
160000,2,6.33
160000,2,6.33
160000,2,6.34
160000,2,6.34
160000,2,6.34
160000,2,6.34
160000,2,6.35
160000,2,6.35
160000,2,6.35
160000,2,6.36
160000,2,6.36
160000,2,6.36
160000,2,6.36
160000,2,6.37
160000,2,6.37
160000,2,6.37
160000,2,6.38
160000,2,6.38
160000,2,6.38
160000,2,6.38
160000,2,6.39
160000,2,6.39
160000,2,6.39
160000,2,6.39
160000,2,6.40
160000,2,6.40
160000,2,6.40
160000,2,6.41
160000,2,6.41
160000,2,6.41
160000,2,6.41
160000,2,6.41
160000,2,6.42
160000,2,6.42
160000,2,6.42
160000,2,6.42
160000,2,6.42
160000,2,6.43
160000,2,6.43
160000,2,6.43
160000,2,6.43
160000,2,6.43
160000,2,6.43
160000,2,6.44
160000,2,6.44
160000,2,6.44
160000,2,6.44
160000,2,6.45
160000,2,6.45
160000,2,6.45
160000,2,6.45
160000,2,6.46
160000,2,6.46
160000,2,6.46
160000,2,6.46
160000,2,6.46
160000,2,6.46
160000,2,6.47
160000,2,6.47
160000,2,6.47
160000,2,6.47
160000,2,6.47
160000,2,6.48
160000,2,6.48
160000,2,6.48
160000,2,6.48
160000,2,6.48
160000,2,6.48
160000,2,6.48
160000,2,6.49
160000,2,6.49
160000,2,6.49
160000,2,6.49
160000,2,6.49
160000,2,6.50
160000,2,6.50
160000,2,6.50
160000,2,6.50
160000,2,6.50
160000,2,6.50
160000,2,6.50
160000,2,6.50
160000,2,6.50
160000,2,6.50
160000,2,6.50
160000,2,6.51
160000,2,6.51
160000,2,6.51
160000,2,6.51
160000,2,6.51
160000,2,6.51
160000,2,6.52
160000,2,6.52
160000,2,6.52
160000,2,6.52
160000,2,6.52
160000,2,6.52
160000,2,6.52
160000,2,6.52
160000,2,6.52
160000,2,6.52
160000,2,6.52
160000,2,6.52
160000,2,6.52
160000,2,6.52
160000,2,6.52
160000,2,6.52
160000,2,6.53
160000,2,6.53
160000,2,6.53
160000,2,6.53
160000,2,6.53
160000,2,6.53
160000,2,6.53
160000,2,6.53
160000,2,6.53
160000,2,6.53
160000,2,6.54
160000,2,6.54
160000,2,6.54
160000,2,6.54
160000,2,6.54
160000,2,6.54
160000,2,6.55
160000,2,6.55
160000,2,6.55
160000,2,6.55
160000,2,6.55
160000,2,6.55
160000,2,6.56
160000,2,6.56
160000,2,6.56
160000,2,6.56
160000,2,6.56
160000,2,6.56
160000,2,6.56
160000,2,6.56
160000,2,6.57
160000,2,6.57
160000,2,6.57
160000,2,6.57
160000,2,6.57
160000,2,6.57
160000,2,6.57
160000,2,6.57
160000,2,6.58
160000,2,6.58
160000,2,6.58
160000,2,6.58
160000,2,6.58
160000,2,6.58
160000,2,6.58
160000,2,6.58
160000,2,6.58
160000,2,6.59
160000,2,6.59
160000,2,6.59
160000,2,6.59
160000,2,6.59
160000,2,6.59
160000,2,6.59
160000,2,6.59
160000,2,6.59
160000,2,6.59
160000,2,6.60
160000,2,6.60
160000,2,6.60
160000,2,6.60
160000,2,6.60
160000,2,6.60
160000,2,6.60
160000,2,6.61
160000,2,6.61
160000,2,6.61
160000,2,6.61
160000,2,6.61
160000,2,6.61
160000,2,6.61
160000,2,6.61
160000,2,6.61
160000,2,6.61
160000,2,6.61
160000,2,6.61
160000,2,6.60
160000,2,6.60
160000,2,6.60
160000,2,6.60
